case,source_file,reached_end_any,last_time,matched_end_time,prefixes,script_runtime,TP1,TP2,TP3,TP6,TP_TS,TS_vel,TopL_velocity,delta_Temp_TP6-TP2,downcomer_out_velocity,massFlowRate,order,nodes_mult
analysis/coarse_first_order_nm_physor_not_nureth26,jsalt1_nodes_mult_by_1_csv.csv,False,0.018947763671875,,jsalt1,1.237,443.97900713967,443.97741083225,443.97872173391,443.97727542112,442.02207182483,0.009950841050653,0.0099954998000143,-0.000135411126962,0.0099657073429547,0.0075170506538521,first_order,1
analysis/coarse_first_order_nm_physor_not_nureth26,jsalt1_nodes_mult_by_2_csv.csv,True,850.0,850.0,jsalt1,23.037,442.15044649426,442.1503936999,447.58183947485,447.39293965911,447.58184053841,0.019175800972866,0.019175801107964,5.2425459592088,0.019138174224947,0.014398974821362,first_order,2
analysis/coarse_first_order_nm_physor_not_nureth26,jsalt1_nodes_mult_by_3_csv.csv,True,850.0,850.0,jsalt1,1.06,442.15072786302,442.15070481868,447.58112954158,447.47812397004,447.58112956398,0.019179298723355,0.019179298721715,5.3274191513625,0.019141667726085,0.014401601155044,first_order,3
analysis/coarse_first_order_nm_physor_not_nureth26,jsalt1_nodes_mult_by_4_csv.csv,True,850.0,850.0,jsalt1,19.059,442.15082345809,442.15081057754,447.58163045043,447.51671541359,447.5816326163,0.0191778817711,0.019177881792458,5.365904836047,0.01914025449847,0.014400537192784,first_order,4
analysis/coarse_first_order_nm_physor_not_nureth26,jsalt1_nodes_mult_by_5_csv.csv,False,0.000625,,jsalt1,1.131,443.00028610709,443.00027915091,443.00027417786,443.00026757588,442.99972921577,0.0099990405910183,0.0099991055946198,-1.1575030441691e-05,0.0099990623358785,0.0075197623682475,first_order,5
analysis/coarse_first_order_nm_physor_not_nureth26,jsalt1_nodes_mult_by_6_csv.csv,True,850.0,850.0,jsalt1,29.774,442.15088730801,442.1508820245,447.58221061274,447.54946360597,447.58221711564,0.019176080125701,0.019176080181505,5.3985815814678,0.019138457031492,0.014399184375731,first_order,6
analysis/coarse_first_order_nm_physor_not_nureth26,jsalt1_nodes_mult_by_7_csv.csv,False,0.0,,jsalt1,1.306,443.0,443.0,443.0,443.0,443.0,0.01,0.01,0.0,0.01,0.007520435,first_order,7
analysis/coarse_first_order_nm_physor_not_nureth26,jsalt1_nodes_mult_by_8_csv.csv,False,0.0,,jsalt1,31.52,443.0,443.0,443.0,443.0,443.0,0.01,0.01,0.0,0.01,0.007520435,first_order,8
analysis/coarse_first_order_nm_physor_not_nureth26,jsalt1_nodes_mult_by_9_csv.csv,True,850.0,850.0,jsalt1,1.357,442.15091285233,442.15091392479,447.58259001582,447.56651380813,447.58262225674,0.019174909869307,0.019174910115806,5.415599883343,0.019137289464767,0.014398305781588,first_order,9
analysis/coarse_first_order_nm_physor_not_nureth26,jsalt1_nodes_mult_by_10_csv.csv,True,850.0,850.0,jsalt1,36.14,442.15091622357,442.15091581439,447.58268860354,447.56931623499,447.58270512797,0.019174531463272,0.019174531563142,5.4184004206032,0.019136911748492,0.014398021529042,first_order,10
analysis/coarse_first_order_nm_physor_not_nureth26,jsalt1_nodes_mult_by_11_csv.csv,False,0.000703125,,jsalt1,1.793,443.0001305417,443.00008594532,443.00005818003,443.00003249537,442.99995751666,0.0099989378312233,0.0099989821739099,-5.3449954975804e-05,0.0099989461409042,0.0075196695505048,first_order,11
analysis/coarse_first_order_nm_physor_not_nureth26,jsalt1_nodes_mult_by_12_csv.csv,False,0.0,,jsalt1,345.093,443.0,443.0,443.0,443.0,443.0,0.01,0.01,0.0,0.01,0.007520435,first_order,12
analysis/coarse_first_order_nm_physor_not_nureth26,jsalt1_nodes_mult_by_13_csv.csv,False,0.0,,jsalt1,1.211,443.0,443.0,443.0,443.0,443.0,0.01,0.01,0.0,0.01,0.007520435,first_order,13
analysis/coarse_first_order_nm_physor_not_nureth26,jsalt1_nodes_mult_by_14_csv.csv,False,0.0,,jsalt1,103.465,443.0,443.0,443.0,443.0,443.0,0.01,0.01,0.0,0.01,0.007520435,first_order,14
analysis/coarse_first_order_nm_physor_not_nureth26,jsalt1_nodes_mult_by_15_csv.csv,False,0.0,,jsalt1,1.457,443.0,443.0,443.0,443.0,443.0,0.01,0.01,0.0,0.01,0.007520435,first_order,15
analysis/coarse_first_order_nm_physor_not_nureth26,jsalt1_nodes_mult_by_16_csv.csv,False,0.0,,jsalt1,48.314,443.0,443.0,443.0,443.0,443.0,0.01,0.01,0.0,0.01,0.007520435,first_order,16
analysis/coarse_first_order_nm_physor_not_nureth26,jsalt1_nodes_mult_by_17_csv.csv,False,0.0,,jsalt1,1.486,443.0,443.0,443.0,443.0,443.0,0.01,0.01,0.0,0.01,0.007520435,first_order,17
analysis/coarse_first_order_nm_physor_not_nureth26,jsalt1_nodes_mult_by_18_csv.csv,False,0.0,,jsalt1,450.362,443.0,443.0,443.0,443.0,443.0,0.01,0.01,0.0,0.01,0.007520435,first_order,18
analysis/coarse_first_order_nm_physor_not_nureth26,jsalt1_nodes_mult_by_19_csv.csv,False,0.0,,jsalt1,1.689,443.0,443.0,443.0,443.0,443.0,0.01,0.01,0.0,0.01,0.007520435,first_order,19
analysis/coarse_first_order_nm_physor_not_nureth26,jsalt1_nodes_mult_by_20_csv.csv,False,0.0,,jsalt1,58.858,443.0,443.0,443.0,443.0,443.0,0.01,0.01,0.0,0.01,0.007520435,first_order,20
analysis/coarse_first_order_nm_physor_not_nureth26,jsalt2_nodes_mult_by_1_csv.csv,True,850.0,850.0,jsalt2,1.195,446.63045806287,446.6302316414,452.62669229138,452.11112970056,452.62668855301,0.019089648177464,0.01908461344484,5.4808980591571,0.019050693941055,0.014307732443029,first_order,1
analysis/coarse_first_order_nm_physor_not_nureth26,jsalt2_nodes_mult_by_2_csv.csv,True,850.0,850.0,jsalt2,201.328,446.62675739269,446.61661095328,452.62817180679,452.60778384196,452.63066363018,0.019063211953716,0.019063385712582,5.9911728886787,0.01902425446813,0.014288187071386,first_order,2
analysis/coarse_first_order_nm_physor_not_nureth26,jsalt2_nodes_mult_by_3_csv.csv,True,850.0,850.0,jsalt2,1.005,446.63069826287,446.63067671994,452.63654572428,452.52058075012,452.63653915305,0.019059381417962,0.019058251340987,5.8899040301815,0.019020395348327,0.014284976164928,first_order,3
analysis/coarse_first_order_nm_physor_not_nureth26,jsalt2_nodes_mult_by_4_csv.csv,True,850.0,850.0,jsalt2,921.654,446.63078551029,446.63077266905,452.63739748225,452.56366672848,452.63739732927,0.01905696433679,0.019056245423439,5.9328940594348,0.019017975786855,0.014283157768406,first_order,4
analysis/coarse_first_order_nm_physor_not_nureth26,jsalt2_nodes_mult_by_5_csv.csv,True,850.0,850.0,jsalt2,1.036,446.63059029708,446.630572228,452.63725668677,452.60005675697,452.63749055738,0.019056684436519,0.019056343938283,5.9694845289689,0.019017700761185,0.014282965665622,first_order,5
analysis/coarse_first_order_nm_physor_not_nureth26,jsalt2_nodes_mult_by_6_csv.csv,True,850.0,850.0,jsalt2,168.255,446.6308798984,446.63085002114,452.63712558157,452.62688555957,452.63713203435,0.01905799434194,0.019058017198297,5.9960355384312,0.019019007064472,0.014284023709715,first_order,6
analysis/coarse_first_order_nm_physor_not_nureth26,jsalt2_nodes_mult_by_7_csv.csv,False,484.91477134744,,jsalt2,1.135,446.63086511673,446.63085925811,452.63706510755,452.61263769745,452.63710085471,0.019058508470445,0.019058270442091,5.981778439339,0.019019521301583,0.014284317651908,first_order,7
analysis/coarse_first_order_nm_physor_not_nureth26,jsalt2_nodes_mult_by_8_csv.csv,False,459.375058298,,jsalt2,285.512,446.63086932031,446.63086620324,452.63713163379,452.62321788503,452.63699174877,0.019058172570806,0.019058040057111,5.9923516817931,0.019019185255414,0.01428406764859,first_order,8
analysis/coarse_first_order_nm_physor_not_nureth26,jsalt2_nodes_mult_by_9_csv.csv,False,447.00878882427,,jsalt2,1.377,446.63087556003,446.63087349703,452.6371739581,452.62431526141,452.63696869354,0.019057750599168,0.019057627452929,5.9934417643785,0.019018763151559,0.014283750380028,first_order,9
analysis/coarse_first_order_nm_physor_not_nureth26,jsalt2_nodes_mult_by_10_csv.csv,True,850.0,850.0,jsalt2,69.992,446.63088020133,446.63087968911,452.63704648491,452.62506300795,452.63704292913,0.019058383975872,0.01905826472561,5.9941833188409,0.019019396898867,0.014284222552699,first_order,10
analysis/coarse_first_order_nm_physor_not_nureth26,jsalt2_nodes_mult_by_11_csv.csv,True,850.0,850.0,jsalt2,1.56,446.63088303745,446.63088119644,452.6369382611,452.6315906142,452.63693911809,0.019058722317155,0.019058631194161,6.0007094177643,0.019019734888796,0.014284449511723,first_order,11
analysis/coarse_first_order_nm_physor_not_nureth26,jsalt2_nodes_mult_by_12_csv.csv,False,689.34378326449,,jsalt2,42.778,446.63088710013,446.63088547339,452.63690434975,452.63009612254,452.63689968266,0.019058844596385,0.019058781807355,5.9992106491508,0.01901985646269,0.014284573319659,first_order,12
analysis/coarse_first_order_nm_physor_not_nureth26,jsalt2_nodes_mult_by_13_csv.csv,True,850.0,850.0,jsalt2,1.327,446.63088621053,446.63088496511,452.63690740299,452.62932923698,452.63690532984,0.01905882808074,0.019058753688302,5.9984442718714,0.019019841316076,0.014284557849596,first_order,13
analysis/coarse_first_order_nm_physor_not_nureth26,jsalt2_nodes_mult_by_14_csv.csv,True,850.0,850.0,jsalt2,27.574,446.63088652566,446.63088559624,452.6369921203,452.62849406248,452.63698377564,0.019058550289262,0.01905846726825,5.9976084662405,0.019019563292917,0.014284349281662,first_order,14
analysis/coarse_first_order_nm_physor_not_nureth26,jsalt2_nodes_mult_by_15_csv.csv,True,850.0,850.0,jsalt2,1.291,446.63088755877,446.63088657742,452.63696195491,452.62941509994,452.63695352637,0.019058647000667,0.019058573402159,5.9985285225166,0.019019660256268,0.014284422097354,first_order,15
analysis/coarse_first_order_nm_physor_not_nureth26,jsalt2_nodes_mult_by_16_csv.csv,True,850.0,850.0,jsalt2,455.329,446.63088785173,446.63087487327,452.6369527406,452.63019475686,452.63694098452,0.019058651034297,0.019058585020647,5.9993198835881,0.019019664283742,0.014284425106937,first_order,16
analysis/coarse_first_order_nm_physor_not_nureth26,jsalt2_nodes_mult_by_17_csv.csv,True,850.0,850.0,jsalt2,1.705,446.63088907422,446.6308886383,452.63697901994,452.63088302743,452.63696205177,0.019058575702794,0.019058516254475,5.9999943891331,0.019019588903723,0.014284368536106,first_order,17
analysis/coarse_first_order_nm_physor_not_nureth26,jsalt2_nodes_mult_by_18_csv.csv,True,850.0,850.0,jsalt2,38.014,446.63088956907,446.63088922472,452.63701684063,452.63143876036,452.63696345053,0.019058424289642,0.019058369926002,6.0005495356465,0.01901943737279,0.014284254801045,first_order,18
analysis/coarse_first_order_nm_physor_not_nureth26,jsalt2_nodes_mult_by_19_csv.csv,True,850.0,850.0,jsalt2,1.344,446.63088991366,446.6308895604,452.63703273429,452.63192558174,452.63700226199,0.019058436467289,0.019058387371728,6.0010360213448,0.019019450175966,0.014284264318498,first_order,19
analysis/coarse_first_order_nm_physor_not_nureth26,jsalt2_nodes_mult_by_20_csv.csv,True,850.0,850.0,jsalt2,66.931,446.63085672669,446.63083343452,452.63694895192,452.63229810796,452.63696202117,0.019058536804965,0.019058491795861,6.0014646734433,0.019019550453658,0.014284339861634,first_order,20
analysis/coarse_first_order_nm_physor_not_nureth26,jsalt3_nodes_mult_by_1_csv.csv,True,850.0,850.0,jsalt3,1.314,458.99978299029,458.99957614068,464.93011737054,464.4884357423,464.93011970816,0.022197748197243,0.02219270872296,5.4888596016194,0.022152984429834,0.016558061755954,first_order,1
analysis/coarse_first_order_nm_physor_not_nureth26,jsalt3_nodes_mult_by_2_csv.csv,True,850.0,850.0,jsalt3,161.676,459.00153559342,459.00148320569,464.93023671571,464.75417756019,464.93023764995,0.022203911234161,0.022201901974313,5.752694354499,0.022159136202462,0.016562658234715,first_order,2
analysis/coarse_first_order_nm_physor_not_nureth26,jsalt3_nodes_mult_by_3_csv.csv,True,850.0,850.0,jsalt3,1.053,459.00210356648,459.00207389897,464.93076371477,464.84115746755,464.93076780393,0.022204137786626,0.022203123312241,5.8390835685802,0.022159356382646,0.016562828729954,first_order,3
analysis/coarse_first_order_nm_physor_not_nureth26,jsalt3_nodes_mult_by_4_csv.csv,True,850.0,850.0,jsalt3,96.723,459.00196433241,459.00189432917,464.92976720363,464.91142929768,464.93014111051,0.022206820413549,0.022206623527644,5.9095349685147,0.022162044784307,0.016564841328315,first_order,4
analysis/coarse_first_order_nm_physor_not_nureth26,jsalt3_nodes_mult_by_5_csv.csv,True,850.0,850.0,jsalt3,1.097,459.00190588459,459.00232027048,464.92958680277,464.92601363424,464.92955966137,0.022209522049661,0.02220928710764,5.9236933637673,0.022164742258919,0.016566703984474,first_order,5
analysis/coarse_first_order_nm_physor_not_nureth26,jsalt3_nodes_mult_by_6_csv.csv,False,849.82279583778,,jsalt3,242.828,459.00246717761,459.00245867263,464.92958851731,464.91267884605,464.92954555446,0.022209807589027,0.022209617912304,5.910220173419,0.022165027937951,0.016567064321112,first_order,6
analysis/coarse_first_order_nm_physor_not_nureth26,jsalt3_nodes_mult_by_7_csv.csv,True,850.0,850.0,jsalt3,1.15,459.00244621507,459.00244018138,464.9294824965,464.91525686267,464.92947973746,0.022210121204313,0.022209951039407,5.9128166812906,0.02216534215046,0.016567290855973,first_order,7
analysis/coarse_first_order_nm_physor_not_nureth26,jsalt3_nodes_mult_by_8_csv.csv,True,850.0,850.0,jsalt3,401.313,459.00246118367,459.00245387364,464.92924369332,464.92172067621,464.92924198153,0.022211071369098,0.02221095193258,5.9192668025736,0.022166293228768,0.016567982404108,first_order,8
analysis/coarse_first_order_nm_physor_not_nureth26,jsalt3_nodes_mult_by_9_csv.csv,True,850.0,850.0,jsalt3,1.402,459.00246720658,459.00246352081,464.92941492012,464.91952109917,464.92941455047,0.022210468176517,0.022210344865177,5.9170575783617,0.022165689282961,0.01656754830502,first_order,9
analysis/coarse_first_order_nm_physor_not_nureth26,jsalt3_nodes_mult_by_10_csv.csv,False,581.65173204866,,jsalt3,84.706,459.00246195351,459.00247060987,464.92957911574,464.92768679024,464.92957474858,0.022209874857805,0.022209853505326,5.9252161803615,0.022165095248655,0.016567112229757,first_order,10
analysis/coarse_first_order_nm_physor_not_nureth26,jsalt3_nodes_mult_by_11_csv.csv,False,423.14882495738,,jsalt3,1.446,459.00276181038,459.00273917983,464.92955419943,464.92932241278,464.92944969517,0.022210448750508,0.022210445124525,5.9265832329473,0.022165669630252,0.01656753960761,first_order,11
analysis/coarse_first_order_nm_physor_not_nureth26,jsalt3_nodes_mult_by_12_csv.csv,False,331.96463753664,,jsalt3,38.972,459.00248030991,459.00249415183,464.92918584876,464.92235590687,464.92971993001,0.022211120568514,0.022211042258906,5.9198617550414,0.022166342549884,0.01656804437105,first_order,12
analysis/coarse_first_order_nm_physor_not_nureth26,jsalt3_nodes_mult_by_13_csv.csv,False,388.31776939276,,jsalt3,1.199,459.00264837082,459.002380291,464.92947347129,464.92913267331,464.92936642108,0.022210028801852,0.02221001873388,5.9267523823137,0.022165242099276,0.016567223164187,first_order,13
analysis/coarse_first_order_nm_physor_not_nureth26,jsalt3_nodes_mult_by_14_csv.csv,False,0.061789663641744,,jsalt3,228.601,460.07114334256,459.9990667167,460.00889992007,459.99989518582,460.00010033161,0.019801612452616,0.019451719599645,0.0008284691190283,0.019734169510097,0.014539022475138,first_order,14
analysis/coarse_first_order_nm_physor_not_nureth26,jsalt3_nodes_mult_by_15_csv.csv,False,361.75227170166,,jsalt3,1.44,459.00249071393,459.00252870244,464.9293332684,464.92912672316,464.92910165829,0.022210193339274,0.02221019916791,5.9265980207268,0.022165422023496,0.016567357806867,first_order,15
analysis/coarse_first_order_nm_physor_not_nureth26,jsalt3_nodes_mult_by_16_csv.csv,False,0.01,,jsalt3,186.972,460.01706761892,460.00001038617,460.00142642172,460.0003151055,460.0000252993,0.020097790427867,0.019227133024399,0.0003047193259817,0.020030448624014,0.014371154824992,first_order,16
analysis/coarse_first_order_nm_physor_not_nureth26,jsalt3_nodes_mult_by_17_csv.csv,True,850.0,850.0,jsalt3,1.545,459.00249094981,459.00249078184,464.92943377348,464.92468424163,464.92939752228,0.022210426888588,0.022210372465209,5.9221934597811,0.022165647445234,0.016567524914959,first_order,17
analysis/coarse_first_order_nm_physor_not_nureth26,jsalt3_nodes_mult_by_18_csv.csv,False,0.0,,jsalt3,299.496,460.0,460.0,460.0,460.0,460.0,0.02,0.02,0.0,0.02,0.01494883,first_order,18
analysis/coarse_first_order_nm_physor_not_nureth26,jsalt3_nodes_mult_by_19_csv.csv,True,850.0,850.0,jsalt3,1.475,459.00247398545,459.00250464036,464.92938420539,464.9258020821,464.92938283864,0.022210505275692,0.022210463894896,5.9232974417462,0.022165726176494,0.016567583594245,first_order,19
analysis/coarse_first_order_nm_physor_not_nureth26,jsalt3_nodes_mult_by_20_csv.csv,False,0.0,,jsalt3,90.764,460.0,460.0,460.0,460.0,460.0,0.02,0.02,0.0,0.02,0.01494883,first_order,20
analysis/coarse_first_order_nm_physor_not_nureth26,jsalt4_nodes_mult_by_1_csv.csv,True,850.0,850.0,jsalt4,2.316,475.73994729539,475.73974489645,481.39933594252,481.04721445157,481.39934952666,0.026511974459611,0.026507145951231,5.3074695551194,0.026451760071606,0.019649413124893,first_order,1
analysis/coarse_first_order_nm_physor_not_nureth26,jsalt4_nodes_mult_by_2_csv.csv,True,850.0,850.0,jsalt4,10.057,475.74495467016,475.74490437793,481.40550876726,481.26977495203,481.40551000249,0.02650676913305,0.02650490797818,5.5248705740988,0.026446482353396,0.019645491898052,first_order,2
analysis/coarse_first_order_nm_physor_not_nureth26,jsalt4_nodes_mult_by_3_csv.csv,False,372.90286186466,,jsalt4,0.966,475.74597321756,475.74595557847,481.40344386054,481.33208283345,481.40343022892,0.026521211665309,0.026520232567668,5.5861272549872,0.026460920192686,0.019656216812182,first_order,3
analysis/coarse_first_order_nm_physor_not_nureth26,jsalt4_nodes_mult_by_4_csv.csv,True,850.0,850.0,jsalt4,215.688,475.7462964266,475.74628436411,481.40371723214,481.35961327138,481.40371725644,0.026521423178864,0.026520817952553,5.6133289072739,0.026461127449117,0.019656370681913,first_order,4
analysis/coarse_first_order_nm_physor_not_nureth26,jsalt4_nodes_mult_by_5_csv.csv,True,850.0,850.0,jsalt4,1.144,475.7464630797,475.74644564997,481.4038158715,481.38515511345,481.40381345811,0.026521676423106,0.026521394871286,5.6387094634815,0.026461378732893,0.019656538490455,first_order,5
analysis/coarse_first_order_nm_physor_not_nureth26,jsalt4_nodes_mult_by_6_csv.csv,False,382.97989839881,,jsalt4,182.832,475.74652313359,475.74651576721,481.40417312297,481.38651413884,481.40415620424,0.026520360763158,0.026520118943492,5.6399983716302,0.026460061357611,0.019655579004706,first_order,6
analysis/coarse_first_order_nm_physor_not_nureth26,jsalt4_nodes_mult_by_7_csv.csv,False,355.70954023181,,jsalt4,1.15,475.7465626251,475.746556289,481.40390132777,481.38959665936,481.40391716547,0.026521731416439,0.026521533289221,5.6430403703566,0.026461432579986,0.019656595904987,first_order,7
analysis/coarse_first_order_nm_physor_not_nureth26,jsalt4_nodes_mult_by_8_csv.csv,False,404.02590401268,,jsalt4,118.928,475.74658959492,475.74658561206,481.40391234575,481.39677231138,481.40391561683,0.026521842814204,0.02652174349384,5.6501866993251,0.026461543320745,0.019656678715228,first_order,8
analysis/coarse_first_order_nm_physor_not_nureth26,jsalt4_nodes_mult_by_9_csv.csv,True,850.0,850.0,jsalt4,1.586,475.7465998949,475.74659929887,481.40395353521,481.3933968752,481.40393510841,0.026521796544363,0.026521651892165,5.6467975763272,0.026461496802578,0.019656645156082,first_order,9
analysis/coarse_first_order_nm_physor_not_nureth26,jsalt4_nodes_mult_by_10_csv.csv,True,850.0,850.0,jsalt4,324.148,475.74661137955,475.74661080138,481.40405751994,481.39534050441,481.40404582053,0.026521335489758,0.026521216062673,5.6487297030268,0.026461035301443,0.019656302370604,first_order,10
analysis/coarse_first_order_nm_physor_not_nureth26,jsalt4_nodes_mult_by_11_csv.csv,False,321.82104456754,,jsalt4,1.467,475.74618009098,475.74656065964,481.40423245911,481.4038760288,481.40375888569,0.026521733834503,0.026521732546768,5.6573153691616,0.026461432529018,0.019656598349259,first_order,11
analysis/coarse_first_order_nm_physor_not_nureth26,jsalt4_nodes_mult_by_12_csv.csv,False,292.37116632816,,jsalt4,147.976,475.74663447753,475.74672154233,481.40413901041,481.4011043609,481.40478080974,0.026523889018258,0.026523850093423,5.6543828185625,0.026463587118414,0.019658195963381,first_order,12
analysis/coarse_first_order_nm_physor_not_nureth26,jsalt4_nodes_mult_by_13_csv.csv,False,325.3519282497,,jsalt4,1.236,475.7466434867,475.74664029922,481.40397116675,481.40312777689,481.40408571864,0.0265220515971,0.026522013138838,5.6564874776647,0.026461751390292,0.019656813920858,first_order,13
analysis/coarse_first_order_nm_physor_not_nureth26,jsalt4_nodes_mult_by_14_csv.csv,False,308.07103578444,,jsalt4,151.528,475.74666226799,475.74667230249,481.403999286,481.40394937162,481.40430706526,0.026522253269558,0.026522247156503,5.6572770691347,0.026461950917855,0.01965697900659,first_order,14
analysis/coarse_first_order_nm_physor_not_nureth26,jsalt4_nodes_mult_by_15_csv.csv,False,172.26796411916,,jsalt4,1.365,475.74745896711,475.74984447571,481.40321533011,481.38666957576,481.37064085273,0.02645445442774,0.026454453676776,5.6368251000429,0.026394129491874,0.019606909137822,first_order,15
analysis/coarse_first_order_nm_physor_not_nureth26,jsalt4_nodes_mult_by_16_csv.csv,False,322.4726826336,,jsalt4,116.193,475.74663734422,475.74663689545,481.40404033121,481.40378295453,481.40384937966,0.026521552209922,0.026521563359651,5.6571460590804,0.026461264914641,0.019656473902784,first_order,16
analysis/coarse_first_order_nm_physor_not_nureth26,jsalt4_nodes_mult_by_17_csv.csv,False,322.03439193853,,jsalt4,1.961,475.74662144312,475.74662597987,481.40402633463,481.40354969966,481.40383226705,0.026521427567442,0.0265214339992,5.6569237197949,0.026461135728128,0.01965638039963,first_order,17
analysis/coarse_first_order_nm_physor_not_nureth26,jsalt4_nodes_mult_by_18_csv.csv,True,850.0,850.0,jsalt4,54.434,475.74663841078,475.74664084639,481.40400962782,481.40107734065,481.40398156006,0.026521661540417,0.026521621525319,5.6544364942657,0.026461361454145,0.019656544531219,first_order,18
analysis/coarse_first_order_nm_physor_not_nureth26,jsalt4_nodes_mult_by_19_csv.csv,True,850.0,850.0,jsalt4,1.899,475.74667649618,475.7466999728,481.4040222654,481.4012197821,481.40401978089,0.026521858956284,0.0265218200911,5.6545198092923,0.026461557591978,0.019656690249793,first_order,19
analysis/coarse_first_order_nm_physor_not_nureth26,jsalt4_nodes_mult_by_20_csv.csv,True,850.0,850.0,jsalt4,56.569,475.74664980576,475.746651031,481.40398413676,481.40136183224,481.40396092291,0.026521849644814,0.026521813925492,5.654710801235,0.026461549244978,0.019656684235335,first_order,20
analysis/coarse_second_order_nm_nureth26,jsalt1_nodes_mult_by_2_csv.csv,True,850.0,850.0,jsalt1,23.037,442.15100412274,442.15100287867,447.58191298963,447.58115101931,447.58191300959,0.019177525940323,0.019177525943486,5.4301481406445,0.019139901115958,0.014400269988282,second_order,2
analysis/coarse_second_order_nm_nureth26,jsalt1_nodes_mult_by_4_csv.csv,True,850.0,850.0,jsalt1,19.059,442.15097397578,442.15097436378,447.58320113446,447.58496403207,447.58320902476,0.019172937708127,0.019172937798438,5.4339896682931,0.019135321683894,0.014396824782282,second_order,4
analysis/coarse_second_order_nm_nureth26,jsalt1_nodes_mult_by_6_csv.csv,True,850.0,850.0,jsalt1,29.774,442.150973166,442.15097682416,447.58346305204,447.58570361068,447.58347462931,0.019172049435591,0.019172049625339,5.4347267865203,0.019134435216119,0.014396157859319,second_order,6
analysis/coarse_second_order_nm_nureth26,jsalt1_nodes_mult_by_8_csv.csv,True,850.0,850.0,jsalt1,31.52,442.15097305363,442.15097522399,447.58336837895,447.58473558248,447.58337639101,0.019172355258771,0.019172355364514,5.4337603584902,0.019134740386393,0.014396387436726,second_order,8
analysis/coarse_second_order_nm_nureth26,jsalt1_nodes_mult_by_10_csv.csv,True,850.0,850.0,jsalt1,36.14,442.15097317272,442.15097577575,447.58328392643,447.58389255022,447.58329372185,0.019172662984547,0.019172663111451,5.4329167744687,0.019135047530475,0.014396618521747,second_order,10
analysis/coarse_second_order_nm_nureth26,jsalt1_nodes_mult_by_12_csv.csv,False,347.04598897261,,jsalt1,345.093,442.15097469198,442.15099919139,447.58341989282,447.58253270396,447.58346997889,0.019172501363194,0.019172501105243,5.4315335125705,0.019134887569346,0.014396496872419,second_order,12
analysis/coarse_second_order_nm_nureth26,jsalt1_nodes_mult_by_14_csv.csv,True,850.0,850.0,jsalt1,103.465,442.15097320089,442.15097714396,447.58332660195,447.58325362236,447.58333978842,0.019172538233817,0.01917253837956,5.4322764783989,0.019134923076738,0.014396524861443,second_order,14
analysis/coarse_second_order_nm_nureth26,jsalt1_nodes_mult_by_16_csv.csv,True,850.0,850.0,jsalt1,48.314,442.15097323365,442.15097888672,447.58335264368,447.58326324329,447.58336903852,0.019172474569703,0.01917247464313,5.4322843565665,0.019134859598569,0.014396477002204,second_order,16
analysis/coarse_second_order_nm_nureth26,jsalt1_nodes_mult_by_18_csv.csv,True,850.0,850.0,jsalt1,450.362,442.15097294761,442.15097335955,447.58333748721,447.58328411898,447.58334478393,0.019172458572165,0.019172458758377,5.4323107594286,0.019134843484336,0.014396465074454,second_order,18
analysis/coarse_second_order_nm_nureth26,jsalt1_nodes_mult_by_20_csv.csv,True,850.0,850.0,jsalt1,58.858,442.15097328256,442.1509801037,447.58337729926,447.58328066952,447.58339559194,0.019172407426331,0.0191724074815,5.4323005658212,0.019134792624673,0.014396426571006,second_order,20
analysis/coarse_second_order_nm_nureth26,jsalt2_nodes_mult_by_2_csv.csv,False,462.91751592881,,jsalt2,201.328,446.63093315194,446.6318724617,452.63845956728,452.64002987693,452.63849440856,0.019053600971463,0.019053613797276,6.0081574152274,0.019014609272083,0.014280627305121,second_order,2
analysis/coarse_second_order_nm_nureth26,jsalt2_nodes_mult_by_4_csv.csv,True,850.0,850.0,jsalt2,921.654,446.63093756621,446.63114695741,452.63739648364,452.63199434898,452.63729768063,0.019057762583452,0.01905770686336,6.0008473915755,0.019018769457924,0.014283753774776,second_order,4
analysis/coarse_second_order_nm_nureth26,jsalt2_nodes_mult_by_6_csv.csv,True,850.0,850.0,jsalt2,168.255,446.63093573832,446.63093287952,452.63715702574,452.63372817875,452.63715712159,0.019058200880133,0.019058167448316,6.0027952992265,0.019019213658598,0.014284086311033,second_order,6
analysis/coarse_second_order_nm_nureth26,jsalt2_nodes_mult_by_8_csv.csv,True,850.0,850.0,jsalt2,285.512,446.63093819084,446.63093741483,452.63726697275,452.63382177528,452.63726475557,0.019057872476304,0.019057839135225,6.0028843604518,0.019018884892678,0.01428383955648,second_order,8
analysis/coarse_second_order_nm_nureth26,jsalt2_nodes_mult_by_10_csv.csv,True,850.0,850.0,jsalt2,69.992,446.63093537731,446.63093502971,452.63731877894,452.63606714812,452.63733863424,0.019057768082693,0.01905775589117,6.0051321184155,0.019018780325408,0.014283760754465,second_order,10
analysis/coarse_second_order_nm_nureth26,jsalt2_nodes_mult_by_12_csv.csv,True,850.0,850.0,jsalt2,42.778,446.6309353995,446.63093537675,452.63734327845,452.63674867599,452.63733342551,0.019057591558909,0.019057585790745,6.0058132992363,0.019018603726715,0.014283628283436,second_order,12
analysis/coarse_second_order_nm_nureth26,jsalt2_nodes_mult_by_14_csv.csv,True,850.0,850.0,jsalt2,27.574,446.63093543075,446.63093556361,452.63731853633,452.63709260832,452.63731247777,0.019057671712696,0.019057669526901,6.0061570447111,0.019018683959798,0.014283688529874,second_order,14
analysis/coarse_second_order_nm_nureth26,jsalt2_nodes_mult_by_16_csv.csv,True,850.0,850.0,jsalt2,455.329,446.63093538425,446.63093536981,452.63733707338,452.63714174775,452.63733610011,0.019057629428675,0.019057627522263,6.0062063779466,0.019018641611816,0.014283656688334,second_order,16
analysis/coarse_second_order_nm_nureth26,jsalt2_nodes_mult_by_18_csv.csv,True,850.0,850.0,jsalt2,38.014,446.63093544635,446.63093569332,452.63729968187,452.63713041963,452.6372825389,0.019057684487075,0.01905768286719,6.0061947263112,0.019018696798275,0.014283698252047,second_order,18
analysis/coarse_second_order_nm_nureth26,jsalt2_nodes_mult_by_20_csv.csv,True,850.0,850.0,jsalt2,66.931,446.63093547557,446.63093578679,452.63729076866,452.6371333171,452.6372688485,0.01905769872436,0.019057697229784,6.0061975303112,0.019018711072204,0.014283708995609,second_order,20
analysis/coarse_second_order_nm_nureth26,jsalt3_nodes_mult_by_2_csv.csv,False,454.76844213977,,jsalt3,161.676,459.00260695527,459.00259971313,464.93055890097,464.9270996252,464.9305010604,0.022206960077095,0.02220692113525,5.9244999120733,0.022162175919621,0.016564929872108,second_order,2
analysis/coarse_second_order_nm_nureth26,jsalt3_nodes_mult_by_4_csv.csv,True,850.0,850.0,jsalt3,96.723,459.00255173393,459.0025517485,464.92917664312,464.92319821414,464.92922034011,0.022211696877657,0.022211631323414,5.9206464656438,0.022166918216124,0.016568476601317,second_order,4
analysis/coarse_second_order_nm_nureth26,jsalt3_nodes_mult_by_6_csv.csv,True,850.0,850.0,jsalt3,242.828,459.00260222752,459.0026022189,464.92972734268,464.92783805824,464.92972728152,0.022209818156273,0.022209796554121,5.9252358393363,0.0221650369418,0.016567068459428,second_order,6
analysis/coarse_second_order_nm_nureth26,jsalt3_nodes_mult_by_8_csv.csv,True,850.0,850.0,jsalt3,401.313,459.00260198644,459.00260198773,464.92976485658,464.92937122466,464.92976487943,0.022209677986605,0.022209673491389,5.9267692369282,0.022164896656934,0.016566963604,second_order,8
analysis/coarse_second_order_nm_nureth26,jsalt3_nodes_mult_by_10_csv.csv,True,850.0,850.0,jsalt3,84.706,459.00260206757,459.00260242081,464.92970228609,464.92948662945,464.92972347692,0.022209970260298,0.02220996777347,5.9268842086396,0.022165189174069,0.01656718213622,second_order,10
analysis/coarse_second_order_nm_nureth26,jsalt3_nodes_mult_by_12_csv.csv,True,850.0,850.0,jsalt3,38.972,459.00260229951,459.00260301445,464.9296729395,464.92950218562,464.92966551877,0.022209949417838,0.022209947487475,5.9268991711639,0.022165168426708,0.016567166871696,second_order,12
analysis/coarse_second_order_nm_nureth26,jsalt3_nodes_mult_by_14_csv.csv,True,850.0,850.0,jsalt3,228.601,459.00260224469,459.00260315175,464.92970215084,464.92956198647,464.92968944392,0.022209819417108,0.022209817851505,5.9269588347198,0.022165038311488,0.016567069662397,second_order,14
analysis/coarse_second_order_nm_nureth26,jsalt3_nodes_mult_by_16_csv.csv,True,850.0,850.0,jsalt3,186.972,459.00260204361,459.00260246505,464.92972187026,464.92957416375,464.92974428623,0.022209953873943,0.022209952205528,5.9269716986901,0.022165172719772,0.016567169777979,second_order,16
analysis/coarse_second_order_nm_nureth26,jsalt3_nodes_mult_by_18_csv.csv,True,850.0,850.0,jsalt3,299.496,459.00260211228,459.00260201674,464.9297119084,464.92960235657,464.92970449291,0.022209814515794,0.022209813248207,5.9270003398268,0.022165033384047,0.016567065884787,second_order,18
analysis/coarse_second_order_nm_nureth26,jsalt3_nodes_mult_by_20_csv.csv,True,850.0,850.0,jsalt3,90.764,459.0026023077,459.00260261077,464.92971732284,464.92953436362,464.92969097013,0.022209804957276,0.022209802955742,5.9269317528438,0.022165023804624,0.016567058786409,second_order,20
analysis/coarse_second_order_nm_nureth26,jsalt4_nodes_mult_by_2_csv.csv,True,850.0,850.0,jsalt4,10.057,475.7469090481,475.74540985009,481.40363726355,481.39325521224,481.40363705977,0.026524681033173,0.026524538573758,5.647845362151,0.026464378977664,0.019658786074535,second_order,2
analysis/coarse_second_order_nm_nureth26,jsalt4_nodes_mult_by_4_csv.csv,False,330.66841481434,,jsalt4,215.688,475.74689541282,475.74690669292,481.40448977824,481.40311321973,481.40452652255,0.026520769294765,0.02652074905984,5.6562065268052,0.026460464666134,0.019655877195627,second_order,4
analysis/coarse_second_order_nm_nureth26,jsalt4_nodes_mult_by_6_csv.csv,True,850.0,850.0,jsalt4,182.832,475.74689570694,475.7468967569,481.4044064975,481.40396418013,481.4044066064,0.026521039484998,0.026521033422891,5.6570674232287,0.026460735181173,0.019656079296598,second_order,6
analysis/coarse_second_order_nm_nureth26,jsalt4_nodes_mult_by_8_csv.csv,True,850.0,850.0,jsalt4,118.928,475.74689516361,475.74689722489,481.40450706978,481.40419948499,481.4045042932,0.02652056245846,0.026520558269253,5.657302260095,0.026460257846919,0.019655724743004,second_order,8
analysis/coarse_second_order_nm_nureth26,jsalt4_nodes_mult_by_10_csv.csv,True,850.0,850.0,jsalt4,324.148,475.74689531803,475.74689924341,481.40447150944,481.40427851164,481.40447147005,0.026520738337528,0.026520735692988,5.6573792682245,0.026460433830021,0.019655855436935,second_order,10
analysis/coarse_second_order_nm_nureth26,jsalt4_nodes_mult_by_12_csv.csv,True,850.0,850.0,jsalt4,147.976,475.74689513759,475.74689557695,481.4045055599,481.40433937949,481.40450067943,0.026520540032735,0.026520537805981,5.6574438025389,0.02646023542857,0.019655708153825,second_order,12
analysis/coarse_second_order_nm_nureth26,jsalt4_nodes_mult_by_14_csv.csv,True,850.0,850.0,jsalt4,151.528,475.74689521338,475.74689571318,481.40448718041,481.40437840604,481.40448318976,0.026520607123923,0.026520605686013,5.6574826928534,0.026460302581379,0.019655758066215,second_order,14
analysis/coarse_second_order_nm_nureth26,jsalt4_nodes_mult_by_16_csv.csv,True,850.0,850.0,jsalt4,116.193,475.74689495631,475.74689715641,481.40452016549,481.40442526869,481.40453665299,0.026520600406645,0.026520599029547,5.6575281122798,0.026460295731887,0.019655752656149,second_order,16
analysis/coarse_second_order_nm_nureth26,jsalt4_nodes_mult_by_18_csv.csv,True,850.0,850.0,jsalt4,54.434,475.74689541514,475.74689655053,481.40451482356,481.40438990207,481.4045121191,0.026520559417619,0.026520557830339,5.6574933515318,0.026460254762903,0.01965572248104,second_order,18
analysis/coarse_second_order_nm_nureth26,jsalt4_nodes_mult_by_20_csv.csv,True,850.0,850.0,jsalt4,56.569,475.74689604362,475.74689826539,481.40453526865,481.40438746504,481.40451830961,0.02652044951875,0.026520447914461,5.6574891996486,0.026460144777925,0.019655641041628,second_order,20
First_order_nm_nureth26,jsalt1_nodes_mult_by_2_csv.csv,True,850.0,850.0,jsalt1,18.173,442.15100412274,442.15100287867,447.58191298963,447.58115101931,447.58191300959,0.019177525940323,0.019177525943486,5.4301481406445,0.019139901115958,0.014400269988282,first_order,2
First_order_nm_nureth26,jsalt1_nodes_mult_by_6_csv.csv,True,850.0,850.0,jsalt1,32.757,442.150973166,442.15097682416,447.58346305204,447.58570361068,447.58347462931,0.019172049435591,0.019172049625339,5.4347267865203,0.019134435216119,0.014396157859319,first_order,6
First_order_nm_nureth26,jsalt1_nodes_mult_by_24_csv.csv,True,850.0,850.0,jsalt1,227.907,442.15097208114,442.15097906251,447.58336277638,447.58337290078,447.58337204282,0.019172495843411,0.019172495788296,5.4323938382765,0.0191348809514,0.014396492879961,first_order,24
First_order_nm_nureth26,jsalt1_nodes_mult_by_48_csv.csv,True,850.0,850.0,jsalt1,876.778,442.15097212528,442.15096720215,447.58333507606,447.58321377423,447.58334273469,0.019172478423349,0.019172478244976,5.432246572079,0.019134863314889,0.014396479706805,first_order,48
First_order_nm_nureth26,jsalt1_nodes_mult_by_80_csv.csv,False,211.72881243415,,jsalt1,2561.564,442.15109999422,442.1514544545,447.58062832933,447.46227702771,447.56964741292,0.019178994035962,0.019178993987693,5.3108225732146,0.019141371512403,0.014401372332401,first_order,80
First_order_nm_nureth26,jsalt1_nodes_mult_by_100_csv.csv,True,850.0,850.0,jsalt1,4141.717,442.15097218546,442.15096225791,447.58333222369,447.58315339215,447.58334746972,0.019172487616326,0.019172487169178,5.4321911342422,0.019134872468159,0.014396486407925,first_order,100
First_order_nm_nureth26,jsalt1_nodes_mult_by_150_csv.csv,False,0.0,,jsalt1,3773.319,443.0,443.0,443.0,443.0,443.0,0.01,0.01,0.0,0.01,0.007520435,first_order,150
First_order_nm_nureth26,jsalt1_nodes_mult_by_300_csv.csv,False,0.0,,jsalt1,7735.139,443.0,443.0,443.0,443.0,443.0,0.01,0.01,0.0,0.01,0.007520435,first_order,300
First_order_nm_nureth26,jsalt1_nodes_mult_by_400_csv.csv,False,0.0,,jsalt1,10055.183,443.0,443.0,443.0,443.0,443.0,0.01,0.01,0.0,0.01,0.007520435,first_order,400
First_order_nm_nureth26,jsalt1_nodes_mult_by_600_csv.csv,False,0.0,,jsalt1,14359.614,443.0,443.0,443.0,443.0,443.0,0.01,0.01,0.0,0.01,0.007520435,first_order,600
First_order_nm_nureth26,jsalt2_nodes_mult_by_2_csv.csv,False,462.91751592881,,jsalt2,186.434,446.63093315194,446.6318724617,452.63845956728,452.64002987693,452.63849440856,0.019053600971463,0.019053613797276,6.0081574152274,0.019014609272083,0.014280627305121,first_order,2
First_order_nm_nureth26,jsalt2_nodes_mult_by_6_csv.csv,True,850.0,850.0,jsalt2,175.431,446.63093573832,446.63093287952,452.63715702574,452.63372817875,452.63715712159,0.019058200880133,0.019058167448316,6.0027952992265,0.019019213658598,0.014284086311033,first_order,6
First_order_nm_nureth26,jsalt2_nodes_mult_by_24_csv.csv,True,850.0,850.0,jsalt2,75.681,446.63093538591,446.63093555619,452.63732566685,452.63712846785,452.63730213733,0.019057637095735,0.019057635250082,6.0061929116569,0.019018649325788,0.014283662577378,first_order,24
First_order_nm_nureth26,jsalt2_nodes_mult_by_48_csv.csv,True,850.0,850.0,jsalt2,1839.321,446.63093547703,446.63093529751,452.63732878751,452.63713264629,452.63727624828,0.01905754823382,0.019057546389517,6.0061973487796,0.019018560462801,0.014283595946009,first_order,48
First_order_nm_nureth26,jsalt2_nodes_mult_by_80_csv.csv,True,850.0,850.0,jsalt2,1957.415,446.63093549626,446.63093524802,452.63733019218,452.63712825753,452.63725914584,0.019057489639811,0.019057487750135,6.0061930095124,0.019018501865204,0.014283552027976,first_order,80
First_order_nm_nureth26,jsalt2_nodes_mult_by_100_csv.csv,True,850.0,850.0,jsalt2,3462.228,446.63093545966,446.63093534982,452.6373599535,452.63710144912,452.63731246599,0.019057566882362,0.01905756452451,6.0061660992986,0.01901857902522,0.01428360976616,first_order,100
First_order_nm_nureth26,jsalt2_nodes_mult_by_150_csv.csv,False,159.74432131453,,jsalt2,5002.26,446.63194389405,446.63407390462,452.54196307276,452.54065411082,452.28270865801,0.018199887905565,0.018199887862994,5.9065802062061,0.018161288776705,0.013641455845874,first_order,150
First_order_nm_nureth26,jsalt2_nodes_mult_by_300_csv.csv,False,0.0,,jsalt2,5662.112,450.0,450.0,450.0,450.0,450.0,0.02,0.02,0.0,0.02,0.01500252,first_order,300
First_order_nm_nureth26,jsalt2_nodes_mult_by_400_csv.csv,False,0.0,,jsalt2,7209.743,450.0,450.0,450.0,450.0,450.0,0.02,0.02,0.0,0.02,0.01500252,first_order,400
First_order_nm_nureth26,jsalt2_nodes_mult_by_600_csv.csv,False,0.0,,jsalt2,11106.501,450.0,450.0,450.0,450.0,450.0,0.02,0.02,0.0,0.02,0.01500252,first_order,600
First_order_nm_nureth26,jsalt3_nodes_mult_by_2_csv.csv,False,454.76844213977,,jsalt3,174.928,459.00260695527,459.00259971313,464.93055890097,464.9270996252,464.9305010604,0.022206960077095,0.02220692113525,5.9244999120733,0.022162175919621,0.016564929872108,first_order,2
First_order_nm_nureth26,jsalt3_nodes_mult_by_6_csv.csv,True,850.0,850.0,jsalt3,248.74,459.00260222752,459.0026022189,464.92972734268,464.92783805824,464.92972728152,0.022209818156273,0.022209796554121,5.9252358393363,0.0221650369418,0.016567068459428,first_order,6
First_order_nm_nureth26,jsalt3_nodes_mult_by_24_csv.csv,True,850.0,850.0,jsalt3,59.464,459.00260214936,459.00260234949,464.92971824149,464.92960676858,464.92971172781,0.022209833427022,0.022209832182256,5.9270044190872,0.02216505227787,0.016567079970768,first_order,24
First_order_nm_nureth26,jsalt3_nodes_mult_by_48_csv.csv,True,850.0,850.0,jsalt3,140.125,459.00260233325,459.00260292068,464.92970695755,464.92965043839,464.92967364232,0.022209744585978,0.022209744014984,5.9270475177117,0.022164963461618,0.016567013831803,first_order,48
First_order_nm_nureth26,jsalt3_nodes_mult_by_80_csv.csv,False,0.0100390625,,jsalt3,2078.766,459.98940384489,460.00000161879,460.00143765287,459.99999940035,460.00000085246,0.019996867521684,0.019929529162893,-2.218443341917e-06,0.019929673283455,0.014896157171806,first_order,80
First_order_nm_nureth26,jsalt3_nodes_mult_by_100_csv.csv,False,0.0109765625,,jsalt3,2562.394,459.98844820549,460.00000156747,460.00157328988,459.99999471718,459.99999908221,0.01999262578032,0.019925358381502,-6.8502874341902e-06,0.019925437336233,0.014893039756707,first_order,100
First_order_nm_nureth26,jsalt3_nodes_mult_by_150_csv.csv,False,0.0,,jsalt3,3778.982,460.0,460.0,460.0,460.0,460.0,0.02,0.02,0.0,0.02,0.01494883,first_order,150
First_order_nm_nureth26,jsalt3_nodes_mult_by_300_csv.csv,False,0.0,,jsalt3,7613.98,460.0,460.0,460.0,460.0,460.0,0.02,0.02,0.0,0.02,0.01494883,first_order,300
First_order_nm_nureth26,jsalt3_nodes_mult_by_400_csv.csv,False,0.0,,jsalt3,10158.897,460.0,460.0,460.0,460.0,460.0,0.02,0.02,0.0,0.02,0.01494883,first_order,400
First_order_nm_nureth26,jsalt3_nodes_mult_by_600_csv.csv,False,0.0,,jsalt3,13977.19,460.0,460.0,460.0,460.0,460.0,0.02,0.02,0.0,0.02,0.01494883,first_order,600
First_order_nm_nureth26,jsalt4_nodes_mult_by_2_csv.csv,True,850.0,850.0,jsalt4,9.667,475.7469090481,475.74540985009,481.40363726355,481.39325521224,481.40363705977,0.026524681033173,0.026524538573758,5.647845362151,0.026464378977664,0.019658786074535,first_order,2
First_order_nm_nureth26,jsalt4_nodes_mult_by_6_csv.csv,True,850.0,850.0,jsalt4,189.055,475.74689570694,475.7468967569,481.4044064975,481.40396418013,481.4044066064,0.026521039484998,0.026521033422891,5.6570674232287,0.026460735181173,0.019656079296598,first_order,6
First_order_nm_nureth26,jsalt4_nodes_mult_by_24_csv.csv,True,850.0,850.0,jsalt4,290.61,475.74689486732,475.74689598349,481.40450621764,481.40450652581,481.40451572926,0.026520553683354,0.026520553637724,5.6576105423115,0.026460249070375,0.019655718187545,first_order,24
First_order_nm_nureth26,jsalt4_nodes_mult_by_48_csv.csv,True,850.0,850.0,jsalt4,114.511,475.74689575216,475.74689762755,481.4045296726,481.40447029024,481.40451964546,0.026520473829364,0.02652047332702,5.6575726626918,0.026460169117553,0.019655659033774,first_order,48
First_order_nm_nureth26,jsalt4_nodes_mult_by_80_csv.csv,True,850.0,850.0,jsalt4,2217.001,475.74689523403,475.74689394073,481.40449798542,481.40451263306,481.40446886971,0.026520385369272,0.026520385787703,5.6576186923383,0.026460080808666,0.019655593723325,first_order,80
First_order_nm_nureth26,jsalt4_nodes_mult_by_100_csv.csv,True,850.0,850.0,jsalt4,2591.58,475.74689471703,475.74689633227,481.40453879409,481.40450683814,481.40457151355,0.026520649491062,0.026520648791752,5.6576105058762,0.02646034474641,0.019655788707812,first_order,100
First_order_nm_nureth26,jsalt4_nodes_mult_by_150_csv.csv,True,850.0,850.0,jsalt4,5428.176,475.74689490652,475.74689450041,481.40446188636,481.40464971929,481.40444893852,0.026520465282265,0.026520467918734,5.6577552188746,0.026460160854101,0.01965565320052,first_order,150
First_order_nm_nureth26,jsalt4_nodes_mult_by_300_csv.csv,False,0.0,,jsalt4,5394.52,478.0,478.0,478.0,478.0,478.0,0.02,0.02,0.0,0.02,0.01484145,first_order,300
First_order_nm_nureth26,jsalt4_nodes_mult_by_400_csv.csv,False,0.0,,jsalt4,7471.687,478.0,478.0,478.0,478.0,478.0,0.02,0.02,0.0,0.02,0.01484145,first_order,400
First_order_nm_nureth26,jsalt4_nodes_mult_by_600_csv.csv,False,0.0,,jsalt4,11613.804,478.0,478.0,478.0,478.0,478.0,0.02,0.02,0.0,0.02,0.01484145,first_order,600
second_order_nm_exp_nureth26,jsalt1_nodes_mult_by_2_csv.csv,True,700.0,              700,jsalt1,         16.404,442.15099376008,442.15099137697,447.58186015453,447.58049627513,447.58191449142,0.019177558213243,0.019177578377229,5.429504898156,0.019139930368994,0.014400309360412,second_order,2
second_order_nm_exp_nureth26,jsalt1_nodes_mult_by_6_csv.csv,True,700.0,              700,jsalt1,         29.66 ,442.150973166,442.15097682416,447.58346305204,447.58570361068,447.58347462931,0.019172049435591,0.019172049625339,5.4347267865203,0.019134435216119,0.014396157859319,second_order,6
second_order_nm_exp_nureth26,jsalt1_nodes_mult_by_12_csv.csv,False,347.04598897261,                 ,jsalt1,        674.797,442.15097469198,442.15099919139,447.58341989282,447.58253270396,447.58346997889,0.019172501363194,0.019172501105243,5.4315335125705,0.019134887569346,0.014396496872419,second_order,12
second_order_nm_exp_nureth26,jsalt1_nodes_mult_by_24_csv.csv,True,700.0,              700,jsalt1,        220.748,442.15097208114,442.15097906251,447.58336277638,447.58337290078,447.58337204282,0.019172495843411,0.019172495788296,5.4323938382765,0.0191348809514,0.014396492879961,second_order,24
second_order_nm_exp_nureth26,jsalt1_nodes_mult_by_48_csv.csv,True,700.0,              700,jsalt1,        772.536,442.15097212528,442.15096720215,447.58333507606,447.58321377423,447.58334273469,0.019172478423349,0.019172478244976,5.432246572079,0.019134863314889,0.014396479706805,second_order,48
second_order_nm_exp_nureth26,jsalt1_nodes_mult_by_80_csv.csv,False,211.72881243415,                 ,jsalt1,       1696.114,442.15109999422,442.1514544545,447.58062832933,447.46227702771,447.56964741292,0.019178994035962,0.019178993987693,5.3108225732146,0.019141371512403,0.014401372332401,second_order,80
second_order_nm_exp_nureth26,jsalt1_nodes_mult_by_100_csv.csv,True,700.0,              700,jsalt1,       4028.699,442.15097218546,442.15096225791,447.58333222369,447.58315339215,447.58334746972,0.019172487616326,0.019172487169178,5.4321911342422,0.019134872468159,0.014396486407925,second_order,100
second_order_nm_exp_nureth26,jsalt1_nodes_mult_by_150_csv.csv,False,0.0,                 ,jsalt1,       1552.025,443.0,443.0,443.0,443.0,443.0,0.01,0.01,0.0,0.01,0.007520435,second_order,150
second_order_nm_exp_nureth26,jsalt1_nodes_mult_by_300_csv.csv,False,0.0,                 ,jsalt1,       3313.933,443.0,443.0,443.0,443.0,443.0,0.01,0.01,0.0,0.01,0.007520435,second_order,300
second_order_nm_exp_nureth26,jsalt1_nodes_mult_by_400_csv.csv,False,0.0,                 ,jsalt1,       4543.205,443.0,443.0,443.0,443.0,443.0,0.01,0.01,0.0,0.01,0.007520435,second_order,400
second_order_nm_exp_nureth26,jsalt1_nodes_mult_by_600_csv.csv,False,0.0,                 ,jsalt1,       5956.753,443.0,443.0,443.0,443.0,443.0,0.01,0.01,0.0,0.01,0.007520435,second_order,600
second_order_nm_exp_nureth26,jsalt2_nodes_mult_by_2_csv.csv,False,462.91751592881,                 ,jsalt2,        165.387,446.63093315194,446.6318724617,452.63845956728,452.64002987693,452.63849440856,0.019053600971463,0.019053613797276,6.0081574152274,0.019014609272083,0.014280627305121,second_order,2
second_order_nm_exp_nureth26,jsalt2_nodes_mult_by_6_csv.csv,True,700.0,              700,jsalt2,        167.313,446.63093572863,446.63093279887,452.63715696202,452.63372840292,452.63715704837,0.019058201012768,0.019058167577597,6.0027956040494,0.019019213791571,0.014284086406291,second_order,6
second_order_nm_exp_nureth26,jsalt2_nodes_mult_by_12_csv.csv,False,1000000.0,                 ,jsalt2,          0.06 ,446.6309353995,446.63093537675,452.63734327845,452.63674867599,452.63733342551,0.019057591558909,0.019057585790745,6.0058132992363,0.019018603726715,0.014283628283436,second_order,12
second_order_nm_exp_nureth26,jsalt2_nodes_mult_by_24_csv.csv,True,700.0,              700,jsalt2,         72.94 ,446.63093538591,446.63093555619,452.63732566685,452.63712846785,452.63730213733,0.019057637095735,0.019057635250082,6.0061929116569,0.019018649325788,0.014283662577378,second_order,24
second_order_nm_exp_nureth26,jsalt2_nodes_mult_by_48_csv.csv,True,700.0,              700,jsalt2,       1410.303,446.63093547703,446.63093529751,452.63732878751,452.63713264629,452.63727624828,0.01905754823382,0.019057546389517,6.0061973487796,0.019018560462801,0.014283595946009,second_order,48
second_order_nm_exp_nureth26,jsalt2_nodes_mult_by_80_csv.csv,True,700.0,              700,jsalt2,       1888.8  ,446.63093549626,446.63093524802,452.63733019218,452.63712825753,452.63725914584,0.019057489639811,0.019057487750135,6.0061930095124,0.019018501865204,0.014283552027976,second_order,80
second_order_nm_exp_nureth26,jsalt2_nodes_mult_by_100_csv.csv,True,700.0,              700,jsalt2,       3336.119,446.63093546408,446.6309353538,452.63735999159,452.6370482626,452.63731255939,0.019057567242751,0.019057568247143,6.0061129087995,0.019018579020397,0.014283612944984,second_order,100
second_order_nm_exp_nureth26,jsalt2_nodes_mult_by_150_csv.csv,False,159.74432131453,                 ,jsalt2,       3139.742,446.63194389405,446.63407390462,452.54196307276,452.54065411082,452.28270865801,0.018199887905565,0.018199887862994,5.9065802062061,0.018161288776705,0.013641455845874,second_order,150
second_order_nm_exp_nureth26,jsalt2_nodes_mult_by_300_csv.csv,False,0.0,                 ,jsalt2,       1744.663,450.0,450.0,450.0,450.0,450.0,0.02,0.02,0.0,0.02,0.01500252,second_order,300
second_order_nm_exp_nureth26,jsalt2_nodes_mult_by_400_csv.csv,False,0.0,                 ,jsalt2,       2054.214,450.0,450.0,450.0,450.0,450.0,0.02,0.02,0.0,0.02,0.01500252,second_order,400
second_order_nm_exp_nureth26,jsalt2_nodes_mult_by_600_csv.csv,False,0.0,                 ,jsalt2,               ,450.0,450.0,450.0,450.0,450.0,0.02,0.02,0.0,0.02,0.01500252,second_order,600
second_order_nm_exp_nureth26,jsalt3_nodes_mult_by_2_csv.csv,False,454.76844213977,                 ,jsalt3,        155.679,459.00260695527,459.00259971313,464.93055890097,464.9270996252,464.9305010604,0.022206960077095,0.02220692113525,5.9244999120733,0.022162175919621,0.016564929872108,second_order,2
second_order_nm_exp_nureth26,jsalt3_nodes_mult_by_6_csv.csv,True,700.0,              700,jsalt3,        244.314,459.00260215487,459.00260215866,464.92972734553,464.92783737479,464.92972745868,0.02220981807655,0.022209796494305,5.9252352161278,0.022165036892184,0.01656706842063,second_order,6
second_order_nm_exp_nureth26,jsalt3_nodes_mult_by_12_csv.csv,False,1000000.0,                 ,jsalt3,          0.13 ,459.00260229951,459.00260301445,464.9296729395,464.92950218562,464.92966551877,0.022209949417838,0.022209947487475,5.9268991711639,0.022165168426708,0.016567166871696,second_order,12
second_order_nm_exp_nureth26,jsalt3_nodes_mult_by_24_csv.csv,True,700.0,              700,jsalt3,         58.694,459.00260214633,459.00260233913,464.92971883283,464.92960156903,464.92971255966,0.02220983420362,0.022209832898728,5.9269992299006,0.022165053051225,0.016567080549497,second_order,24
second_order_nm_exp_nureth26,jsalt3_nodes_mult_by_48_csv.csv,True,700.0,              700,jsalt3,        134.294,459.00260233325,459.00260292068,464.92970695755,464.92965043839,464.92967364232,0.022209744585978,0.022209744014984,5.9270475177117,0.022164963461618,0.016567013831803,second_order,48
second_order_nm_exp_nureth26,jsalt3_nodes_mult_by_80_csv.csv,False,0.0100390625,                 ,jsalt3,        987.882,459.98940384489,460.00000161879,460.00143765287,459.99999940035,460.00000085246,0.019996867521684,0.019929529162893,-2.218443341917e-06,0.019929673283455,0.014896157171806,second_order,80
second_order_nm_exp_nureth26,jsalt3_nodes_mult_by_100_csv.csv,False,0.0109765625,                 ,jsalt3,       1207.505,459.98844820549,460.00000156747,460.00157328988,459.99999471718,459.99999908221,0.01999262578032,0.019925358381502,-6.8502874341902e-06,0.019925437336233,0.014893039756707,second_order,100
second_order_nm_exp_nureth26,jsalt3_nodes_mult_by_150_csv.csv,False,0.0,                 ,jsalt3,       1690.292,460.0,460.0,460.0,460.0,460.0,0.02,0.02,0.0,0.02,0.01494883,second_order,150
second_order_nm_exp_nureth26,jsalt3_nodes_mult_by_300_csv.csv,False,0.0,                 ,jsalt3,       3188.428,460.0,460.0,460.0,460.0,460.0,0.02,0.02,0.0,0.02,0.01494883,second_order,300
second_order_nm_exp_nureth26,jsalt3_nodes_mult_by_400_csv.csv,False,0.0,                 ,jsalt3,       4270.508,460.0,460.0,460.0,460.0,460.0,0.02,0.02,0.0,0.02,0.01494883,second_order,400
second_order_nm_exp_nureth26,jsalt4_nodes_mult_by_2_csv.csv,True,700.0,              700,jsalt4,          9.903,475.74690816328,475.74542197025,481.40363642314,481.39334062904,481.40363642424,0.02652468175724,0.026524540449729,5.6479186587882,0.026464379715361,0.019658786596047,second_order,2
second_order_nm_exp_nureth26,jsalt4_nodes_mult_by_6_csv.csv,True,700.0,              700,jsalt4,        186.78 ,475.74689589516,475.74689670022,481.4044067032,481.40396430961,481.4044067005,0.026521039507444,0.026521033435871,5.6570676093975,0.026460735199526,0.019656079304901,second_order,6
second_order_nm_exp_nureth26,jsalt4_nodes_mult_by_12_csv.csv,False,1000000.0,                 ,jsalt4,          0.086,475.74689513759,475.74689557695,481.4045055599,481.40433937949,481.40450067943,0.026520540032735,0.026520537805981,5.6574438025389,0.02646023542857,0.019655708153825,second_order,12
second_order_nm_exp_nureth26,jsalt4_nodes_mult_by_24_csv.csv,True,700.0,              700,jsalt4,        286.463,475.74689486732,475.74689598349,481.40450621764,481.40450652581,481.40451572926,0.026520553683354,0.026520553637724,5.6576105423115,0.026460249070375,0.019655718187545,second_order,24
second_order_nm_exp_nureth26,jsalt4_nodes_mult_by_48_csv.csv,True,700.0,              700,jsalt4,        109.962,475.74689575216,475.74689762755,481.4045296726,481.40447029024,481.40451964546,0.026520473829364,0.02652047332702,5.6575726626918,0.026460169117553,0.019655659033774,second_order,48
second_order_nm_exp_nureth26,jsalt4_nodes_mult_by_80_csv.csv,True,700.0,              700,jsalt4,       2138.143,475.74689523403,475.74689394073,481.40449798542,481.40451263306,481.40446886971,0.026520385369272,0.026520385787703,5.6576186923383,0.026460080808666,0.019655593723325,second_order,80
second_order_nm_exp_nureth26,jsalt4_nodes_mult_by_100_csv.csv,True,700.0,              700,jsalt4,       2500.023,475.74689471703,475.74689633227,481.40453879409,481.40450683814,481.40457151355,0.026520649491062,0.026520648791752,5.6576105058762,0.02646034474641,0.019655788707812,second_order,100
second_order_nm_exp_nureth26,jsalt4_nodes_mult_by_150_csv.csv,True,700.0,              700,jsalt4,       5255.129,475.74689490652,475.74689450041,481.40446188636,481.40464971929,481.40444893852,0.026520465282265,0.026520467918734,5.6577552188746,0.026460160854101,0.01965565320052,second_order,150
second_order_nm_exp_nureth26,jsalt4_nodes_mult_by_300_csv.csv,False,0.0,                 ,jsalt4,       1697.419,478.0,478.0,478.0,478.0,478.0,0.02,0.02,0.0,0.02,0.01484145,second_order,300
second_order_nm_exp_nureth26,jsalt4_nodes_mult_by_400_csv.csv,False,0.0,                 ,jsalt4,       2339.136,478.0,478.0,478.0,478.0,478.0,0.02,0.02,0.0,0.02,0.01484145,second_order,400
