file,returncode,runtime_seconds
Templates/jsalt1_nodes_mult_by_1.i,1,33.767
Templates/jsalt2_nodes_mult_by_1.i,0,14.002
Templates/jsalt3_nodes_mult_by_1.i,0,8.133
Templates/jsalt4_nodes_mult_by_1.i,0,30.900
Templates/jsalt1_nodes_mult_by_2.i,0,14.190
Templates/jsalt2_nodes_mult_by_2.i,0,41.064
Templates/jsalt3_nodes_mult_by_2.i,0,16.951
Templates/jsalt4_nodes_mult_by_2.i,0,46.416
Templates/jsalt1_nodes_mult_by_3.i,0,11.304
Templates/jsalt2_nodes_mult_by_3.i,0,52.810
Templates/jsalt3_nodes_mult_by_3.i,0,46.677
Templates/jsalt4_nodes_mult_by_3.i,1,95.682
Templates/jsalt1_nodes_mult_by_4.i,0,12.602
Templates/jsalt2_nodes_mult_by_4.i,0,66.957
Templates/jsalt3_nodes_mult_by_4.i,0,69.445
Templates/jsalt4_nodes_mult_by_4.i,0,18.269
Templates/jsalt1_nodes_mult_by_5.i,1,46.964
Templates/jsalt2_nodes_mult_by_5.i,0,41.085
Templates/jsalt3_nodes_mult_by_5.i,0,524.368
Templates/jsalt4_nodes_mult_by_5.i,0,774.267
Templates/jsalt1_nodes_mult_by_6.i,0,25.368
Templates/jsalt2_nodes_mult_by_6.i,0,400.782
Templates/jsalt3_nodes_mult_by_6.i,1,635.606
Templates/jsalt4_nodes_mult_by_6.i,1,238.165
Templates/jsalt1_nodes_mult_by_7.i,1,53.843
Templates/jsalt2_nodes_mult_by_7.i,1,272.811
Templates/jsalt3_nodes_mult_by_7.i,0,665.330
Templates/jsalt4_nodes_mult_by_7.i,1,192.817
Templates/jsalt1_nodes_mult_by_8.i,1,72.026
Templates/jsalt2_nodes_mult_by_8.i,1,305.288
Templates/jsalt3_nodes_mult_by_8.i,0,796.692
Templates/jsalt4_nodes_mult_by_8.i,1,381.960
Templates/jsalt1_nodes_mult_by_9.i,0,27.260
Templates/jsalt2_nodes_mult_by_9.i,1,221.003
Templates/jsalt3_nodes_mult_by_9.i,0,807.708
Templates/jsalt4_nodes_mult_by_9.i,0,14.471
Templates/jsalt1_nodes_mult_by_10.i,0,47.955
Templates/jsalt2_nodes_mult_by_10.i,0,1022.124
Templates/jsalt3_nodes_mult_by_10.i,1,745.084
Templates/jsalt4_nodes_mult_by_10.i,0,14.271
Templates/jsalt1_nodes_mult_by_11.i,1,107.495
Templates/jsalt2_nodes_mult_by_11.i,0,1491.845
Templates/jsalt3_nodes_mult_by_11.i,1,466.331
Templates/jsalt4_nodes_mult_by_11.i,1,243.645
Templates/jsalt1_nodes_mult_by_12.i,1,103.812
Templates/jsalt2_nodes_mult_by_12.i,1,884.917
Templates/jsalt3_nodes_mult_by_12.i,1,59.277
Templates/jsalt4_nodes_mult_by_12.i,1,40.034
Templates/jsalt1_nodes_mult_by_13.i,1,117.672
Templates/jsalt2_nodes_mult_by_13.i,0,2165.615
Templates/jsalt3_nodes_mult_by_13.i,1,432.528
Templates/jsalt4_nodes_mult_by_13.i,1,319.358
Templates/jsalt1_nodes_mult_by_14.i,1,120.144
Templates/jsalt2_nodes_mult_by_14.i,0,16.822
Templates/jsalt3_nodes_mult_by_14.i,1,186.293
Templates/jsalt4_nodes_mult_by_14.i,1,503.953
Templates/jsalt1_nodes_mult_by_15.i,1,157.699
Templates/jsalt2_nodes_mult_by_15.i,0,18.934
Templates/jsalt3_nodes_mult_by_15.i,1,456.954